,IDT,IDName,Name,AltName,Radius,PolarRadius,Mass,SemiMajorAxis,Periapsis,Ecc,Inc,Node,Peri,M,Epoch,RotPeriod,OrbPeriod,Ephemeris,WType,Primary
0,P,010,Sun,,695990,,1.988e+09M,,,,,,,,,25.3800,,JPL 0,*,
1,P,001,Mercury,Sol I,2439.76,2439.8,330.0987M,57.909M,46.0012M,0.205630,7.0050,,,,,58.6462,87.9520,JPL 1,P,
2,P,002,Venus,Sol II,6052.3,,4867.3058M,108.209M,107.4515M,0.007000,3.4000,,,,,243.0185,224.7020,JPL 2,P,
3,P,003,Earth-Moon System,Sol III,6378.135,6356.752,6045.6263M,149.5979M,147.0996M,0.016700,0.0000,,,,,0.9973,365.2500,JPL 3,DB,
4,P,399,Earth,Sol III,6378.135,6356.752,5972.1684M,149.5979M,147.0996M,0.016700,0.0000,,,,,0.9973,365.2500,JPL 13,P,EMB
5,P,004,Mars,Sol IV,3397.52,3376.2,641.6909M,0,206.6413M,0.000000,0.0000,,,,,1.0260,686.9620,JPL 499,P,
6,P,005,Jupiter,Sol V,71492,66854,1.899e+06M,0,740.5663M,0.000000,0.0000,,,,,0.4135,11.8576yr,JPL 599,P,
7,P,006,Saturn,Sol VI,60268,54364,568457.8937M,0,1353.1296M,0.000000,0.0000,,,,,0.4440,29.4201yr,JPL 699,P,
8,P,007,Uranus,Sol VII,25559,24973,86818.8215M,0,2742.75M,0.000000,0.0000,,,,,0.7183,83.7481yr,JPL 799,P,
9,P,008,Neptune,Sol VIII,24764,24341,102430.6249M,0,4454.8516M,0.000000,0.0000,,,,,0.6713,163.7290yr,JPL 899,P,
10,P,000,SSB,,695990,,1.989e+09M,,,,,,,,,,25.3800,,DB,
11,DL,SEL1,Sun-Earth L1,Earth L1,0,,0,149.598M,,0.016700,0.0000,,,,,0.9973,365.2500,LP 1,DL,Earth
12,DL,SEL2,Sun-Earth L2,Earth L2,0,,0,149.598M,,0.016700,0.0000,,,,,0.9973,365.2500,LP 2,DL,Earth
13,P,503,Ganymede,Jupiter III,2634,,149.024M,1070000,1067860,0.002000,0.2100,,,,,7.1545,7.1546,JPL 503,W,Jupiter
14,P,606,Titan,Saturn VI,2575.5,,134.52M,1221870,1186203,0.029190,0.3300,,,,,15.9454,15.9454,JPL 606,W,Saturn
15,P,504,Callisto,Jupiter IV,2403,,107.518M,1.885M,1.8718M,0.007000,0.5100,,,,,16.6890,16.6890,JPL 504,W,Jupiter
16,P,501,Io,Jupiter I,1830,1815,89.213M,422000,420312,0.004000,0.0400,,,,,1.7691,1.7691,JPL 501,W,Jupiter
17,P,301,Luna,Earth I,1737.5,,73.4579M,0,363296,0.000000,0.0000,,,,,27.3217,27.3217,JPL 10,W,Earth
18,P,502,Europa,Jupiter II,1565,,48.715M,671000,664961,0.009000,0.4700,,,,,3.5512,3.5512,JPL 502,W,Jupiter
19,P,801,Triton,Neptune I,1353,,21.4M,345760,345754,0.000016,157.3450,,,,,5.8769,5.8769,JPL 801,W,Neptune
20,P,009,Pluto,Sol (134340),1185,1151,13.07M,0,4442.7658M,0.000000,0.0000,,,,,6.3873,248.0301yr,JPL 999,W,
21,A,(136199),Eris,Sol (136199),1163,,16.6M,0,5650.7383M,0.000000,0.0000,0.0000,0.0000,0.0000,2017 Sep  4  0000:00,,556.4748yr,,W,
22,A,(136108),Haumea,2003 EL61,980,500,4.01M,6485.672M,5257.3356M,0.189392,28.2037,121.9704,238.8692,214.0666,2017 Sep  4  0000:00,,285.4648yr,,W,
23,P,703,Titania,Uranus III,789,,3.47M,435910,434950,0.002200,0.1400,,,,,8.7059,8.7059,JPL 703,W,Uranus
24,P,605,Rhea,Saturn V,764,,2.3065M,527108,526580,0.001000,0.3500,,,,,4.5175,4.5175,JPL 605,W,Saturn
25,P,704,Oberon,Uranus IV,761,,2.92M,583520,583053,0.000800,0.1000,,,,,13.4632,13.4632,JPL 704,W,Uranus
26,A,(136472),Makemake,2005 FY9,740?,,2M?,6838.2948M,5780.1829M,0.154733,28.9867,79.5861,295.9466,161.0541,2017 Sep  4  0000:00,,309.0593yr,,W,
27,P,608,Iapetus,Saturn VIII,718,,1.88M,3.5613M,3.4606M,0.028280,14.7200,,,,,79.3302,79.3302,JPL 608,W,Saturn
28,A,(225088),Gonggong,2007 OR10,625,,1500000?,0,4963.5595M,0.000000,0.0000,0.0000,0.0000,0.0000,2017 Sep  4  0000:00,,550.2203yr,,W,
29,P,901,Charon,Pluto I,604,,1.53M,19571,19422,0.007600,96.1600,,,,,6.3872,6.3872,JPL 901,W,Pluto
30,P,702,Umbriel,Uranus II,585,,1270000,266300,264968,0.005000,0.3600,,,,,4.1442,4.1442,JPL 702,W,Uranus
31,P,701,Ariel,Uranus I,581,578,1340000,191020,190370,0.003400,0.3000,,,,,2.5204,2.5204,JPL 701,W,Uranus
32,P,604,Dione,Saturn IV,561,,1095452,377396,376554,0.002230,0.0200,,,,,2.7369,2.7369,JPL 604,W,Saturn
33,A,(50000),Quaoar,2002 LM60,555,,1227200?,6517.0855M,6278.3268M,0.036636,7.9867,188.7602,149.0125,295.9123,2017 Sep  4  0000:00,,287.5413yr,,W,
34,P,603,Tethys,Saturn III,532,526,617449,294619,294619,0.000000,1.8600,,,,,1.8878,1.8878,JPL 603,W,Saturn
35,A,(90377),Sedna,2003 VB12,520,,3M?,72809.0478M,11378.2995M,0.843724,11.9290,144.4580,311.5942,358.0209,2017 Sep  4  0000:00,,10737.3748yr,,W,
36,A,(90482),Orcus,2004 DW,492,,641000,5893.729M,4596.5175M,0.220100,20.5824,268.7158,72.3922,177.7297,2017 Sep  4  0000:00,,246.7800yr,,W,
37,A,(1),Ceres,Sol (1),482,446,941063,413.9986M,382.6972M,0.075607,10.5932,80.3089,73.0237,309.4941,2017 Sep  4  0000:00,0.3780,1681.5452,,W,
38,A,(307261),2002 MS4,2002 MS4,480,,254600?,6264.4227M,5381.8978M,0.140879,17.6679,215.9036,214.6452,219.3359,2017 Sep  4  0000:00,,270.9828yr,,W,
39,A,(120347),Salacia,2004 SB60,460,,110300?,6269.8638M,5581.0027M,0.109869,23.9270,279.9973,309.0648,122.7643,2017 Sep  4  0000:00,,271.9000yr,,W,
40,A,(55565),2002 AW197,2002 AW197,384,,521900?,7092.0878M,6153.3082M,0.132370,24.3955,297.5099,294.5304,294.5828,2017 Sep  4  0000:00,,325.3400yr,,W,
41,A,(20000),Varuna,2000 WR106,378,,298200?,6425.1036M,6094.8937M,0.051394,17.1972,97.3349,266.3379,111.7965,2017 Sep  4  0000:00,,280.9900yr,,W,
42,A,(532037),2013 FY27,2013 FY27,360,,270000?,8807.0643M,5367.3693M,0.390561,33.0037,187.1588,139.6551,210.8582,2017 Sep  4  0000:00,,455.0000yr,,W,
43,A,(208996),2003 AZ84,2003 AZ84,360?,,234500?,5910.3577M,4845.459M,0.180175,13.5885,252.1602,14.2264,231.3302,2017 Sep  4  0000:00,,247.8200yr,,W,
44,A,(174567),Varda,2003 MW12,352?,,244000,0,5918.0746M,0.000000,0.0000,0.0000,0.0000,0.0000,2017 Sep  4  0000:00,,311.3900yr,,W,
45,A,(90568),2004 GV9,2004 GV9,351,,197600?,6321.8832M,5802.7314M,0.082120,21.9360,250.6595,295.0407,35.0769,2017 Sep  4  0000:00,,274.4400yr,,W,
46,AS,(136199) 1,Dysnomia,Eris I,350,,500000?,37350,37350,0.441673,44.2040,35.8779,151.5181,204.8809,2017 Sep  4  0000:00,,556.4748yr,,W,Eris
47,A,(145452),2005 RN43,2005 RN43,340?,,254600?,6201.4901M,6073.1701M,0.020692,19.3123,186.9260,168.0840,347.0966,2017 Sep  4  0000:00,,267.6700yr,,W,
48,A,(202421),2005 UQ513,Sol (202421),336,,400000?,6454.8517M,5486.9635M,0.149947,25.7176,307.7368,222.8203,224.9772,2017 Sep  4  0000:00,,283.4324yr,,W,
49,A,(55637),2002 UX25,2002 UX25,332,,346400?,6356.0252M,5458.1445M,0.141264,19.4838,204.6755,279.0035,295.7059,2017 Sep  4  0000:00,,277.3900yr,,W,
50,AP,2018 VG18,2018 VG18,2018 VG18,328,,400000?,12179.4775M,5653.264M,0.535837,24.4041,245.3635,17.1704,156.8462,2020 May 31  0000:00,,734.6205yr,,,Sol
51,A,(523692),2014 EZ51,2014 EZ51,328,,300000?,7845.6797M,6086.4014M,0.224235,10.2442,27.4761,330.0686,265.6591,2017 Sep  4  0000:00,,379.8096yr,,W,
52,A,(229762),G!kun'homdima,Sol (229762),321,,520000?,0,5605.0229M,0.000000,0.0000,0.0000,0.0000,0.0000,2017 Sep  4  0000:00,,623.9450yr,,W,
53,AP,2014 UZ224,2014 UZ224,2014 UZ224,317,,200000?,16238.2178M,5670.5026M,0.650793,26.7859,131.0127,29.8237,320.3885,2017 Sep  4  0000:00,,1136.4200yr,,W,
54,A,(523794),2015 RR245,Sol (523794),313,,250000?,12236.4918M,5097.7384M,0.583399,7.5626,211.7208,260.5989,324.7343,2020 May 31  0000:00,,739.7849yr,,,Sol
55,A,(543354),2014 AN55,Sol (543354),330?,,180000?,8365.5898M,5124.7419M,0.387402,9.4371,283.9431,307.6274,317.0530,2020 May 31  0000:00,,418.1816yr,,,Sol
56,A,(28978),Ixion,2001 KX76,308?,,591400?,5933.3099M,4498.3205M,0.241853,19.5875,70.9963,298.8434,283.8814,2017 Sep  4  0000:00,,249.7500yr,,W,
57,A,(19521),Chaos,1998 WH24,306?,,61200?,6820.148M,6126.6113M,0.101689,12.0606,50.0544,58.9872,338.5319,2017 Sep  4  0000:00,,307.5700yr,,W,
58,AP,2010 RF43,2010 RF43,2010 RF43,306?,,300000?,7384.5076M,5543.9324M,0.249248,30.7071,25.1888,192.0878,96.1125,2017 Sep  4  0000:00,,346.8186yr,,W,
59,AP,2017 OF69,2017 OF69,2017 OF69,300?,,100000?,5918M,4682M,0.028800,13.6530,218.4800,215.8400,249.0800,2018 Mar 23  0000:00,,249.0000yr,,W,
60,AP,2012 VP113,2012 VP113,2012 VP113,298?,,200000?,39210.9892M,12022.2226M,0.693397,24.1089,90.6810,293.4172,3.5802,2020 May 31  0000:00,,4243.5740yr,,,Sol
61,AP,2010 KZ39,2010 KZ39,2010 KZ39,298?,,150000?,6807.741M,6437.8547M,0.054333,26.0534,53.1443,311.4925,262.7206,2020 May 31  0000:00,,306.9903yr,,,Sol
62,AP,2010 JO179,2010 JO179,2010 JO179,298?,,200000?,11786.8085M,5922.6497M,0.497519,32.0248,147.3498,10.4272,35.2138,2020 May 31  0000:00,,699.3820yr,,,Sol
63,A,(42301),2001 UR163,2001 UR163,292,,149700?,7677.6611M,5488.1756M,0.285176,0.7528,301.7230,342.3606,79.2268,2017 Sep  4  0000:00,,368.5800yr,,W,
64,AP,2015 KH162,2015 KH162,2015 KH162,292,,230000?,9313.7526M,6222.1865M,0.331936,28.7865,200.8067,296.7152,63.4362,2017 Sep  4  0000:00,,491.2552yr,,W,
65,A,(230965),2004 XA192,Sol (230965),292,,150000?,7002.6897M,5305.5521M,0.242355,38.1767,328.5662,132.2646,1.5509,2020 May 31  0000:00,,320.2708yr,,,Sol
66,A,(84522),2002 TC302,2002 TC302,292?,,234500?,8234.5195M,5832.1026M,0.291749,35.1176,23.9092,87.3861,323.0814,2017 Sep  4  0000:00,,408.1300yr,,W,
67,A,(78799),2002 XW93,2002 XW93,292,,24700?,5599.012M,4198.7837M,0.250085,14.3888,46.9508,247.0808,143.0941,2017 Sep  4  0000:00,,228.7500yr,,A,
68,A,(4),Vesta,Sol (4),289,229,259024,353.3169M,321.8178M,0.089152,7.1400,103.8359,150.9430,292.7103,2017 Sep  4  0000:00,0.2226,1325.6530,,W,
69,A,(2),Pallas,Sol (2),285,241,208606,414.8476M,319.1849M,0.230597,34.8379,173.0872,309.9915,291.6514,2017 Sep  4  0000:00,0.3250,1685.0000,,W,
70,AP,2002 XV93,,2002 XV93,282,,53500?,5870.8443M,5127.1164M,0.126682,13.2810,19.1724,165.4328,282.5491,2017 Sep  4  0000:00,,245.7000yr,,W,
71,A,(145451),2005 RM43,2005 RM43,280?,,110300?,13418.0412M,5252.1541M,0.608575,28.7977,84.6176,318.3367,5.4414,2017 Sep  4  0000:00,,850.0900yr,,W,
72,A,(455502),2003 UZ413,Sol (455502),278,,140000?,5862.2965M,4535.4589M,0.226334,12.0516,135.8607,145.6586,114.3104,2020 May 31  0000:00,,245.3137yr,,,Sol
73,AP,2006 QH181,2006 QH181,2006 QH181,278,,140000?,9999.9514M,5621.9897M,0.437798,19.2058,73.8192,210.3077,106.4419,2020 May 31  0000:00,,546.5337yr,,,Sol
74,A,(523639),2010 RE64,Sol (523639),272?,,110000?,9860.468M,5466.6149M,0.445603,13.5454,67.3491,20.0718,322.1132,2020 May 31  0000:00,,535.1387yr,,,Sol
75,A,(528381),2008 ST291,Sol (528381),272,,110000?,15044.5823M,6344.1379M,0.578311,20.7354,330.9043,325.0767,23.4234,2020 May 31  0000:00,,1008.5334yr,,,Sol
76,A,(470443),2007 XV50,Sol (470443),272,,110000?,6845.9979M,6365.1836M,0.070233,22.9046,53.6144,271.1104,107.6404,2020 May 31  0000:00,,309.5817yr,,,Sol
77,A,(482824),2013 XC26,Sol (482824),272,,110000?,6303.2525M,4876.2705M,0.226388,18.6506,43.3469,148.2846,314.0138,2020 May 31  0000:00,,273.5062yr,,,Sol
78,A,(523759),2014 WK509,Sol (523759),272?,,110000?,7597.6356M,6021.3109M,0.207476,14.5124,40.9779,135.3801,273.5283,2020 May 31  0000:00,,361.9410yr,,,Sol
79,A,(523671),2013 FZ27,Sol (523671),272?,,140000?,7177.2907M,5602.7345M,0.219380,14.0620,285.2413,342.7785,283.0237,2020 May 31  0000:00,,332.3234yr,,,Sol
80,A,(120348),2004 TY364,2004 TY364,270?,,98900?,5787.1731M,5405.3974M,0.065969,24.8430,140.5269,1.9044,266.0881,2017 Sep  4  0000:00,,240.9400yr,,W,
81,AP,2004 XR190,,2004 XR190,270?,,98900?,8585.6899M,7643.9187M,0.109691,46.7584,252.3935,284.4626,277.0638,2017 Sep  4  0000:00,,434.5300yr,,W,
82,A,(82075),2000 YW134,2000 YW134,265,,53500?,8663.829M,6167.4064M,0.288143,19.8109,126.9651,316.7113,31.4649,2017 Sep  4  0000:00,,439.2000yr,,W,
83,AP,2015 BP519,2015 BP519 (Caju),2015 BP519,265,,110000?,64801.7226M,5271.2961M,0.918655,54.1315,135.0481,348.2364,358.4641,2020 May 31  0000:00,,9015.7095yr,,,Sol
84,A,(278361),2007 JJ43,2007 JJ43,265,,140000?,7231.0629M,6042.2292M,0.164407,12.0378,272.5539,6.4645,340.1804,2017 Sep  4  0000:00,,330.7400yr,,W,
85,A,(470308),2007 JH43,Sol (470308),265,,99000?,5934.082M,5796.6154M,0.023166,18.1219,64.5863,353.2514,194.6612,2020 May 31  0000:00,,249.8333yr,,,Sol
86,AP,2014 WP509,2014 WP509,2014 WP509,265,,99000?,6686.2738M,6105.4098M,0.086874,8.3516,66.7968,333.5378,55.1361,2020 May 31  0000:00,,298.8108yr,,,Sol
87,A,(84922),2003 VS2,2003 VS2,262?,,149700?,5876.8426M,5451.1988M,0.072427,14.7970,302.7094,112.8663,19.3684,2017 Sep  4  0000:00,,246.1300yr,,W,
88,AP,2002 KW14,,2002 KW14,260?,,88300?,7039.5379M,5588.5737M,0.206116,9.7406,59.8163,124.3484,48.8808,2017 Sep  4  0000:00,,323.1400yr,,W,
89,AP,2013 AT183,2013 AT183,2013 AT183,259,,61000?,9211.9857M,5310.6582M,0.423506,28.1574,304.5939,68.1185,69.6599,2020 May 31  0000:00,,483.2256yr,,,Sol
90,AP,2014 FC69,2014 FC69,2014 FC69,259,,79000?,10860.3083M,6029.0708M,0.444853,29.9630,250.3413,189.6810,89.7191,2020 May 31  0000:00,,618.5621yr,,,Sol
91,A,(499514),2010 OO127,Sol (499514),259,,88000?,6344.7322M,5545.9583M,0.125896,25.9007,219.7824,245.2970,245.1126,2020 May 31  0000:00,,276.2104yr,,,Sol
92,AP,2014 YA50,2014 YA50,2014 YA50,259,,88000?,6935.8721M,5743.4597M,0.171920,23.8653,45.4120,195.4824,311.4565,2020 May 31  0000:00,,315.6979yr,,,Sol
93,AP,2017 OF69,2017 OF69,2017 OF69,259,,99000?,5940.2382M,4708.5964M,0.207339,13.6550,218.6073,214.6887,253.3599,2020 May 31  0000:00,,250.2222yr,,,Sol
94,P,602,Enceladus,Saturn II,256,245,108022,237948,236872,0.004520,0.0000,,,,,1.3702,1.3702,JPL 602,W,Saturn
95,A,(470599),2008 OG19,Sol (470599),253,,79000?,10117.5519M,5772.3011M,0.429476,13.1280,164.1232,140.7594,4.2276,2020 May 31  0000:00,,556.2029yr,,,Sol
96,AP,2014 FC72,2014 FC72,2014 FC72,253,,79000?,11331.8794M,7728.3418M,0.318000,29.8979,178.0395,33.2576,357.7278,2020 May 31  0000:00,,659.2847yr,,,Sol
97,AP,2014 HA200,2014 HA200,2014 HA200,253,,79000?,8400.885M,5492.5684M,0.346192,10.3904,171.1669,138.1240,317.0673,2020 May 31  0000:00,,420.8309yr,,,Sol
98,A,(119979),2002 WC19,Sol (119979),253,,79000?,7110.6478M,5275.1976M,0.258127,9.2049,109.6719,45.3870,319.4714,2020 May 31  0000:00,,327.7056yr,,,Sol
99,A,(315530),2008 AP129,Sol (315530),253,,79000?,6215.0429M,5371.4068M,0.135741,27.4192,14.8747,56.2829,53.9550,2020 May 31  0000:00,,267.7850yr,,,Sol
100,A,(472271),2014 UM33,Sol (472271),253,,79000?,6425.9352M,5448.6211M,0.152089,17.4059,236.5716,268.6942,274.1449,2020 May 31  0000:00,,281.5299yr,,,Sol
101,A,(523681),2014 BV64,Sol (523681),253,,79000?,6824.4584M,5817.6931M,0.147523,15.4623,279.3764,348.3275,264.2653,2020 May 31  0000:00,,308.1218yr,,,Sol
102,AP,2010 FX86,2010 FX86,2010 FX86,253,,79000?,7034.3363M,6580.571M,0.064507,25.1667,311.1347,350.2413,294.0431,2020 May 31  0000:00,,322.4444yr,,,Sol
103,AP,2015 BZ518,2015 BZ518,2015 BZ518,253,,79000?,7060.9123M,5742.3618M,0.186739,11.3754,43.9916,297.4612,272.8037,2020 May 31  0000:00,,324.2734yr,,,Sol
104,A,(48639),1995 TL8,1995 TL8,247,,29300?,7813.0809M,5979.3406M,0.234701,0.2478,260.2771,83.5842,44.8099,2017 Sep  4  0000:00,,377.8800yr,,A,
105,A,(307982),2004 PG115,Sol (307982),247,,61000?,13784.0187M,5445.859M,0.604915,16.2835,230.3653,75.8868,6.9081,2020 May 31  0000:00,,884.4715yr,,,Sol
106,A,(445473),2010 VZ98,Sol (445473),247,,61000?,22684.6754M,5140.7376M,0.773383,4.5137,117.3101,313.6257,358.5792,2020 May 31  0000:00,,1867.3208yr,,,Sol
107,A,(495603),2015 AM281,Sol (495603),247,,69000?,8219.6045M,6187.4059M,0.247238,26.7367,22.0522,158.3924,336.0529,2020 May 31  0000:00,,407.2832yr,,,Sol
108,A,(523635),2010 DN93,Sol (523635),247,,69000?,8236.1331M,6731.1082M,0.182734,40.5976,91.3027,31.3696,43.2770,2020 May 31  0000:00,,408.5123yr,,,Sol
109,A,(444030),2004 NT33,Sol (444030),247,,79000?,6550.1045M,5528.7474M,0.155930,31.2292,240.9004,39.6561,42.9168,2020 May 31  0000:00,,289.7293yr,,,Sol
110,A,(523742),2014 TZ85,Sol (523742),247,,69000?,6504.2171M,4820.8613M,0.258810,14.9553,336.9067,333.4033,156.6534,2020 May 31  0000:00,,286.6901yr,,,Sol
111,A,(26181),1996 GQ21,Sol (26181),242,,79000?,14090.0501M,5740.409M,0.592591,13.3517,194.1964,357.0763,11.9440,2020 May 31  0000:00,,914.0899yr,,,Sol
112,AP,2013 FS28,2013 FS28,2013 FS28,241,,61000?,29553.4852M,5111.8309M,0.827031,13.0568,204.6489,102.0105,348.2102,2020 May 31  0000:00,,2776.7267yr,,,Sol
113,AP,2017 FO161,2017 FO161,2017 FO161,241,,140000?,8939.6029M,5096.8896M,0.429853,54.3505,164.9847,151.0426,240.9005,2020 May 31  0000:00,,461.9526yr,,,Sol
114,A,(175113),2004 PF115,Sol (175113),241,,140000?,5860.7506M,5495.7531M,0.062278,13.3464,84.4562,87.1340,168.9243,2020 May 31  0000:00,,245.2166yr,,,Sol
115,P,705,Miranda,Uranus V,240,233,75000,129390,125896,0.027000,4.2000,,,,,1.4135,1.4135,JPL 705,W,Uranus
116,A,(471143),Dziewanna,Sol (471143),238,,230000?,10520.7295M,4861.2451M,0.537937,29.4773,346.2748,284.5338,348.7678,2020 May 31  0000:00,,589.7784yr,,,Sol
117,A,(26375),1999 DE9,Sol (26375),237,,69000?,8262.5109M,4835.014M,0.414825,7.6354,323.1200,159.4435,30.0761,2020 May 31  0000:00,,410.4764yr,,,Sol
118,AS,(90482) 1,Vanth,Orcus I,237,,40000,9030,8966,0.007000,0.0000,,,,,,,,W,Orcus
119,A,(35671),1998 SN165,Sol (35671),237,,25000?,5674.5794M,5444.9422M,0.040468,4.6060,192.0925,261.6288,296.1751,2020 May 31  0000:00,,233.6257yr,,,Sol
120,AP,2003 UA414,2003 UA414,2003 UA414,236,,54000?,12373.2713M,5459.9893M,0.558727,22.3790,211.0173,101.4295,21.0448,2020 May 31  0000:00,,752.2235yr,,,Sol
121,AP,2011 WJ157,2011 WJ157,2011 WJ157,236,,54000?,14592.9276M,5596.3542M,0.616502,27.1460,76.5180,58.8786,354.1112,2020 May 31  0000:00,,963.4601yr,,,Sol
122,A,(308379),2005 RS43,Sol (308379),236,,54000?,7165.8351M,5718.3443M,0.201999,10.0143,46.4191,266.9974,55.7913,2020 May 31  0000:00,,331.5281yr,,,Sol
123,A,(523645),2010 VK201,Sol (523645),236,,54000?,6446.4549M,5701.2615M,0.115597,28.8386,156.3084,89.6216,171.3363,2020 May 31  0000:00,,282.8795yr,,,Sol
124,A,(523693),2014 FT71,Sol (523693),236,,54000?,6525.1391M,5585.9738M,0.143930,27.9657,346.5046,350.1523,239.0672,2020 May 31  0000:00,,288.0745yr,,,Sol
125,A,(523750),2014 US224,Sol (523750),236,,54000?,6977.0177M,6190.4274M,0.112740,11.0381,317.8916,177.9420,284.2413,2020 May 31  0000:00,,318.5113yr,,,Sol
126,A,(307616),2003 QW90,Sol (307616),236,,54000?,6556.8912M,6075.5052M,0.073417,10.3511,17.7557,85.5962,284.3939,2020 May 31  0000:00,,290.1797yr,,,Sol
127,A,(469306),1999 CD158,Sol (469306),235,,54000?,6505.5634M,5545.408M,0.147590,25.5542,119.0880,145.9935,251.2175,2020 May 31  0000:00,,286.7791yr,,,Sol
128,AP,2014 BZ57,2014 BZ57,2014 BZ57,235,,54000?,6379.8544M,5504.2755M,0.137241,27.0536,274.5807,265.4738,339.0746,2020 May 31  0000:00,,278.5071yr,,,Sol
129,A,(543454),2014 HZ199,Sol (543454),235,,54000?,6470.0604M,5476.6247M,0.153543,27.8348,57.1005,85.2708,66.2918,2020 May 31  0000:00,,284.4347yr,,,Sol
130,AP,2015 AJ281,2015 AJ281,2015 AJ281,235,,54000?,6462.4277M,5619.4214M,0.130447,26.8053,256.1298,8.2392,284.5785,2020 May 31  0000:00,,283.9315yr,,,Sol
131,A,(145480),2005 TB190,Sol (145480),234,,110000?,11429.3631M,6911.0147M,0.395328,26.4536,180.4466,170.9955,2.0714,2020 May 31  0000:00,,667.8103yr,,,Sol
132,A,(119951),2002 KX14,2002 KX14,234,,110300?,5835.898M,5589.4918M,0.042223,0.4004,286.9497,66.2815,268.9891,2017 Sep  4  0000:00,,243.7400yr,,W,
133,A,(120132),2003 FY128,Sol (120132),233,,88000?,7399.1665M,5555.2432M,0.249207,11.7949,341.8736,175.1480,33.1733,2020 May 31  0000:00,,347.8518yr,,,Sol
134,A,(38628),Huya,2000 EB173,233,,78500?,5953.1586M,4268.9618M,0.282908,15.4655,169.2510,67.8917,3.6926,2017 Sep  4  0000:00,,250.8000yr,,W,
135,A,(471137),2010 ET65,Sol (471137),230,,47000?,9305.3171M,5929.5695M,0.362776,30.6224,189.5860,354.6212,4.6937,2020 May 31  0000:00,,490.5879yr,,,Sol
136,AP,2014 OJ394,2014 OJ394,2014 OJ394,230,,47000?,7937.7686M,6134.6513M,0.227157,34.6291,299.2857,272.4766,56.5947,2020 May 31  0000:00,,386.5162yr,,,Sol
137,A,(471288),2011 GM27,Sol (471288),230,,54000?,6527.833M,6363.5973M,0.025159,13.0204,257.3193,201.4597,90.2032,2020 May 31  0000:00,,288.2529yr,,,Sol
138,A,(523653),2011 OA60,Sol (523653),230,,47000?,6161.8194M,5252.0329M,0.147649,23.0046,129.4559,142.6032,24.8285,2020 May 31  0000:00,,264.3526yr,,,Sol
139,A,(523752),2014 VU37,Sol (523752),230,,47000?,6072.8852M,5788.2399M,0.046872,28.6655,248.1650,342.1327,202.8493,2020 May 31  0000:00,,258.6501yr,,,Sol
140,AP,2014 JP80,2014 JP80,2014 JP80,230,,54000?,5940.8424M,5536.7101M,0.068026,19.3409,146.2894,318.9354,208.0107,2020 May 31  0000:00,,250.2604yr,,,Sol
141,AP,2014 JR80,2014 JR80,2014 JR80,230,,47000?,5931.5132M,5404.5403M,0.088843,15.3395,119.1588,294.8119,254.2646,2020 May 31  0000:00,,249.6711yr,,,Sol
142,AP,2014 XY40,2014 XY40,2014 XY40,230,,47000?,7076.448M,6048.9881M,0.145194,29.0175,132.5963,38.5175,211.6678,2020 May 31  0000:00,,325.3442yr,,,Sol
143,AP,2003 QX113,2003 QX113,2003 QX113,230,,47000?,7463.635M,5610.9511M,0.248228,6.7362,158.0687,26.4754,139.7912,2020 May 31  0000:00,,352.4079yr,,,Sol
144,A,(471165),2010 HE79,Sol (471165),230,,47000?,5857.8128M,4808.9052M,0.179061,15.6871,238.6881,283.8809,65.7567,2020 May 31  0000:00,,245.0323yr,,,Sol
145,A,(84719),2002 VR128,Sol (84719),230,,61000?,5891.2881M,4316.6622M,0.267280,14.0092,23.0577,287.9777,79.2524,2020 May 31  0000:00,,247.1357yr,,,Sol
146,A,(47171),1999 TC36,1999 TC36,230?,,61200?,5864.9991M,4570.5721M,0.220704,8.4197,97.0610,294.9370,3.4881,2017 Sep  4  0000:00,,246.0900yr,,W,
147,AP,2015 AH281,2015 AH281,2015 AH281,230,,47000?,6483.427M,5211.0616M,0.196249,7.9899,286.4656,358.5476,178.8741,2014 Dec 29  0000:00,,285.3166yr,,,Sol
148,AP,2003 QX111,2003 QX111,2003 QX111,227,,2800?,5894.7635M,5097.179M,0.135304,9.5179,157.4147,102.1876,105.1324,2020 May 31  0000:00,,247.3544yr,,,Sol
149,AP,2010 ER65,2010 ER65,2010 ER65,225,,47000?,14674.3049M,5990.3609M,0.591779,21.2405,212.6453,324.2137,5.0857,2020 May 31  0000:00,,971.5304yr,,,Sol
150,AP,2014 SV349,2014 SV349,2014 SV349,225,,47000?,9201.1756M,5237.1527M,0.430817,17.7851,56.5263,24.1312,295.8020,2020 May 31  0000:00,,482.3753yr,,,Sol
151,A,(471318),2011 JF31,Sol (471318),225?,,40000?,6222.1128M,5414.0669M,0.129867,27.6720,236.8087,253.2262,92.8221,2020 May 31  0000:00,,268.2421yr,,,Sol
152,A,(471921),2013 FC28,Sol (471921),225?,,40000?,6859.5132M,6284.6345M,0.083807,16.3090,193.1609,99.5975,255.7010,2020 May 31  0000:00,,310.4989yr,,,Sol
153,A,(495613),2015 FG345,Sol (495613),225?,,40000?,6314.8616M,5492.9672M,0.130152,36.0018,58.7001,223.8119,299.6134,2020 May 31  0000:00,,274.2621yr,,,Sol
154,A,(523640),2010 RO64,Sol (523640),225?,,40000?,7026.9252M,6155.9371M,0.123950,17.0677,60.7845,311.4577,7.7382,2020 May 31  0000:00,,321.9349yr,,,Sol
155,A,(523757),2014 WH509,Sol (523757),225?,,40000?,6565.4102M,5399.4689M,0.177589,18.1875,76.5111,319.9996,71.6315,2020 May 31  0000:00,,290.7454yr,,,Sol
156,A,(523772),2014 XR40,Sol (523772),225?,,40000?,6415.9519M,5483.7551M,0.145294,24.8742,3.1265,281.7024,268.8412,2020 May 31  0000:00,,280.8741yr,,,Sol
157,A,(523780),2015 AN281,Sol (523780),225?,,40000?,6259.6244M,5354.2993M,0.144629,17.4631,53.3151,227.7370,266.2603,2020 May 31  0000:00,,270.6715yr,,,Sol
158,AP,2005 CA79,2005 CA79,2005 CA79,225?,,40000?,7104.8289M,5551.0135M,0.218698,11.6682,50.2194,69.2542,19.0951,2020 May 31  0000:00,,327.3034yr,,,Sol
159,AP,2010 RF188,2010 RF188,2010 RF188,225?,,40000?,7000.6356M,4962.1142M,0.291191,13.8311,178.2771,332.8748,248.1185,2020 May 31  0000:00,,320.1299yr,,,Sol
160,AP,2012 VB116,2012 VB116,2012 VB116,225?,,40000?,7001.5786M,5880.037M,0.160184,23.2289,193.5176,1.1031,272.9701,2020 May 31  0000:00,,320.1946yr,,,Sol
161,A,(532093),2013 HV156,Sol (532093),225?,,40000?,7139.5066M,5865.9614M,0.178380,18.1354,168.7337,181.6041,282.0168,2020 May 31  0000:00,,329.7026yr,,,Sol
162,AP,2013 JW63,2013 JW63,2013 JW63,225?,,54000?,6876.8036M,6151.2093M,0.105513,7.7253,309.6472,11.7173,298.4271,2020 May 31  0000:00,,311.6736yr,,,Sol
163,AP,2014 AM55,2014 AM55,2014 AM55,225?,,40000?,7015.6868M,6020.8975M,0.141795,7.1911,131.8447,114.1604,269.0193,2020 May 31  0000:00,,321.1629yr,,,Sol
164,AP,2014 QW441,2014 QW441,2014 QW441,225?,,40000?,6649.5518M,5945.1209M,0.105937,28.7612,162.6808,202.3377,1.1156,2020 May 31  0000:00,,296.3525yr,,,Sol
165,AP,2000 CN105,,2000 CN105,220?,,53500?,6691.9271M,6070.8052M,0.092817,3.4108,28.9627,10.4011,120.5644,2017 Sep  4  0000:00,,298.3600yr,,W,
166,A,(10),Hygiea,Sol (10),215,,29000?,469.7191M,416.786M,0.112691,3.8320,283.2183,312.0385,46.1923,2017 Sep  4  0000:00,,2032.2056,,W,
167,P,808,Proteus,Neptune VIII,212,198,44000,117647,117584,0.000530,0.5240,,,,,1.1223,1.1223,JPL 808,W,Neptune
168,A,(469372),2001 QF298,Sol (469372),210,,40000?,5906.2362M,5259.0456M,0.109577,22.3126,164.1262,44.1413,157.4239,2020 May 31  0000:00,,248.0769yr,,,Sol
169,A,(303775),2005 QU182,Sol (303775),210,,350000?,16987.2456M,5514.0786M,0.675399,14.0459,78.2861,224.2128,14.4976,2020 May 31  0000:00,,1210.0534yr,,,Sol
170,A,(79360),,1997 CS29,210?,,46600?,6575.5596M,6481.8914M,0.014245,2.2482,304.3899,234.0875,322.5198,2017 Sep  4  0000:00,,290.6400yr,,W,
171,AP,2002 CY248,,2002 CY248,210?,,46600?,6929.164M,5913.8398M,0.146529,7.0421,300.7276,336.3637,233.2880,2017 Sep  4  0000:00,,313.8300yr,,W,
172,A,(144897),2004 UX10,Sol (144897),204,,110000?,5828.8783M,5568.9488M,0.044593,9.5289,147.8328,152.4653,100.5222,2020 May 31  0000:00,,243.2190yr,,,Sol
173,A,(47171),Lempo,Sol (47171),201,,7000?,5864.9991M,4570.5721M,0.220704,8.4197,97.0610,294.9370,3.4881,2017 Sep  4  0000:00,,245.4833yr,,A,
174,AP,2003 UZ117,,2003 UZ117,200?,,40200?,6589.715M,5733.3117M,0.129961,27.4724,204.7219,247.4544,339.9250,2017 Sep  4  0000:00,,292.2700yr,,W,
175,P,601,Mimas,Saturn I,198,191,37493,185539,181791,0.020200,1.5300,,,,,0.9424,0.9424,JPL 601,M,Saturn
176,AP,2003 QN91,2003 QM91,2003 QM91,190?,,34500?,6344.3397M,5664.8153M,0.107107,4.3372,18.7921,303.3332,29.7956,2017 Sep  4  0000:00,,304.3600yr,,A,
177,AP,2003 QA91,,2003 QA91,190?,,34500?,6625.8335M,6183.8202M,0.066711,2.4144,104.6682,332.6275,272.7538,2017 Sep  4  0000:00,,295.1800yr,,A,
178,AP,2002 PJ149,,2002 PJ149,190?,,34500?,6785.9607M,6268.8596M,0.076202,9.6612,316.4021,193.4356,180.6496,2002 Jul 25  0000:00,,305.5100yr,,A,
179,AP,2002 GV31,,2002 GV31,190?,,34500?,6626.9099M,5984.3495M,0.096962,2.1806,59.2187,130.7603,349.1393,2017 Sep  4  0000:00,,284.4700yr,,A,
180,AP,2001 KA77,,2001 KA77,190?,,34500?,7130.8441M,6479.4458M,0.091349,11.8836,239.0708,121.0382,276.0735,2017 Sep  4  0000:00,,329.3100yr,,A,
181,P,607,Hyperion,Saturn VII,180,113,5619.9,1481009,1326984,0.104000,0.4300,,,,,,21.2766,JPL 607,M,Saturn
182,A,(15874),1996 TL66,1996 TL66,180?,,29300?,12375.5292M,5240.1579M,0.576571,24.0206,217.8482,184.4873,7.7875,2017 Sep  4  0000:00,,752.7400yr,,A,
183,A,(126154),2001 YH140,2001 YH140,180?,,29300?,6342.0162M,5450.186M,0.140623,11.0857,108.8752,356.3665,21.9227,2017 Sep  4  0000:00,,275.2200yr,,A,
184,A,(148780),Altjira,2001 UQ18,180?,,29300?,6592.0682M,6175.7204M,0.063159,5.2035,1.9553,295.6912,128.2622,2017 Sep  4  0000:00,,292.5700yr,,A,
185,AP,2001 QY297,,2001 QY297,180?,,29300?,6559.0033M,5996.4638M,0.085766,1.5481,108.7722,125.7464,84.1347,2017 Sep  4  0000:00,,291.1000yr,,A,
186,AP,2001 QS322,,2001 QS322,180?,,29300?,6559.3507M,6324.3502M,0.035827,0.2452,348.2143,354.9300,24.7372,2017 Sep  4  0000:00,,291.2900yr,,A,
187,AP,2001 QS297,,2001 QS297,180?,,29300?,6551.9705M,6551.9705M,0.000000,5.2255,309.8012,13.8817,0.0000,2001 Aug 19  0000:00,,289.8500yr,,A,
188,AP,2000 CO105,,2000 CO105,180?,,29300?,7045.8382M,6030.4456M,0.144112,19.2765,307.2678,55.3784,121.3026,2017 Sep  4  0000:00,,322.5600yr,,A,
189,A,(79360),Sila-Nunam,Sol (79360),176,,40000?,6527.9436M,6472.4548M,0.008500,2.2572,304.4599,257.2045,302.6051,2020 May 31  0000:00,,288.2602yr,,,Sol
190,P,802,Nereid,Neptune II,170,,31000?,5.5134M,1371733,0.483080,27.6000,,,,,,360.1362,JPL 802,M,Neptune
191,A,(88611),Teharonhiawako,2001 QT297,170?,,24700?,6573.3251M,6374.315M,0.030275,2.5767,304.6666,241.0414,155.7800,2017 Sep  4  0000:00,,292.1500yr,,A,
192,AP,2006 HJ123,,2006 HJ123,170?,,24700?,5941.1774M,4137.5898M,0.303574,12.4192,222.5121,101.0869,312.0817,2017 Sep  4  0000:00,,283.8600yr,,A,
193,AP,2002 XH91,,2002 XH91,170?,,24700?,6570.3264M,5974.0739M,0.090749,4.9982,80.5335,184.6076,216.4700,2017 Sep  4  0000:00,,290.5500yr,,A,
194,AP,2002 GJ32,,2002 GJ32,170?,,24700?,6666.0635M,5934.6257M,0.109726,11.5792,244.8537,257.5893,81.3390,2017 Sep  4  0000:00,,296.9700yr,,A,
195,AP,2001 XD255,,2001 XD255,170?,,24700?,5902.6315M,5236.9357M,0.112780,18.1149,106.7040,109.8576,284.4015,2017 Sep  4  0000:00,,248.3000yr,,A,
196,A,(511),Davida,Sol (511),169,,24000?,473.2038M,384.1759M,0.188139,15.9400,107.6071,337.5927,228.7668,2017 Sep  4  0000:00,0.2140,2068.0000,,A,
197,A,(704),Interamnia,Sol (704),167,,23000?,457.553M,386.8669M,0.154487,17.3063,280.2920,95.1204,349.9235,2017 Sep  4  0000:00,0.3640,1956.0000,,A,
198,AS,(174567) 1,Ilmare,Varda I,163?,,22000,6900M,5947.8M,0.138000,21.5000,,,,,,311.3900yr,,AS,Varda
199,AP,2006 HX122,,2006 HX122,160?,,20600?,10483.0983M,5455.2607M,0.479614,12.8225,250.5434,258.8232,40.6495,2017 Sep  4  0000:00,,314.2200yr,,A,
200,AP,2005 XU100,,2005 XU100,160?,,20600?,6510.4932M,5847.3233M,0.101862,7.8654,318.4429,103.3850,76.1498,2017 Sep  4  0000:00,,298.7800yr,,A,
201,AP,2005 JR179,,2005 JR179,160?,,20600?,7067.3438M,6247.3962M,0.116019,3.7382,71.1528,63.9670,76.9742,2017 Sep  4  0000:00,,324.5000yr,,A,
202,AP,2005 JA175,,2005 JA175,160?,,20600?,6390.2583M,5749.5435M,0.100264,14.2149,225.0669,196.4830,169.7529,2017 Sep  4  0000:00,,283.6900yr,,A,
203,AP,2004 PT107,,2004 PT107,160?,,20600?,6060.3997M,5716.5502M,0.056737,26.1321,320.9327,17.3374,357.2121,2017 Sep  4  0000:00,,258.6300yr,,A,
204,AP,2003 UB292,,2003 UB292,160?,,20600?,7012.3807M,6592.2241M,0.059916,19.3343,28.2586,194.2714,187.1882,2017 Sep  4  0000:00,,321.3000yr,,A,
205,AP,2003 GH55,,2003 GH55,160?,,20600?,6657.6338M,6087.1818M,0.085684,1.1026,116.4064,88.5845,23.0189,2017 Sep  4  0000:00,,296.5000yr,,A,
206,AP,2002 VU130,,2002 VU130,160?,,20600?,5842.5797M,4605.8821M,0.211670,1.3745,267.8798,281.4314,273.8623,2017 Sep  4  0000:00,,243.9200yr,,A,
207,AP,2002 VT130,,2002 VT130,160?,,20600?,6326.4688M,6118.6436M,0.032850,1.1629,334.5319,337.9666,123.2097,2017 Sep  4  0000:00,,274.9500yr,,A,
208,AP,2002 PQ145,,2002 PQ145,160?,,20600?,6550.2534M,6243.9917M,0.046756,3.0832,165.7435,316.2352,206.3814,2017 Sep  4  0000:00,,290.2500yr,,A,
209,AP,2002 GF32,,2002 GF32,160?,,20600?,5911.522M,4901.1743M,0.170912,2.7769,44.2923,54.9083,126.7560,2017 Sep  4  0000:00,,248.3700yr,,A,
210,AP,2002 GD32,,2002 GD32,160?,,20600?,6695.7188M,5824.7102M,0.130084,6.5701,22.1255,24.9929,175.6922,2017 Sep  4  0000:00,,299.1000yr,,A,
211,AP,2001 XR254,,2001 XR254,160?,,20600?,6426.5497M,6202.0414M,0.034935,1.2310,179.9899,73.1597,229.7313,2017 Sep  4  0000:00,,281.3000yr,,A,
212,AP,2001 QX322,,2001 QX322,160?,,20600?,8651.1898M,5308.5024M,0.386385,28.5762,254.7804,64.8008,32.9312,2017 Sep  4  0000:00,,465.5800yr,,A,
213,AP,2001 QW297,,2001 QW297,160?,,20600?,7721.4787M,5889.2722M,0.237287,17.0472,141.0196,108.0198,67.5160,2017 Sep  4  0000:00,,371.5500yr,,A,
214,AP,2001 QD298,,2001 QD298,160?,,20600?,6368.4404M,5996.9865M,0.058327,5.0243,70.5384,195.5900,69.2655,2017 Sep  4  0000:00,,278.5900yr,,A,
215,AP,2001 CZ31,,2001 CZ31,160?,,20600?,6791.8043M,5950.7738M,0.123830,10.2115,136.2204,47.4992,339.3261,2017 Sep  4  0000:00,,305.2500yr,,A,
216,A,(52),Europa,Sol (52),156,,19000?,462.9296M,412.0598M,0.109887,7.4768,128.6198,343.8118,128.2016,2017 Sep  4  0000:00,0.2340,1989.0000,,A,
217,AP,2015 TG387,,2015 TG387,150?,,17000?,163630M,9791M,0.940600,11.6570,300.8124,118.2000,359.4100,2019 Apr 27  0000:00,,36180.0000yr,,A,
218,C,2014 UN271,Bernardinelli-Bernstein,2014 UN271,80,,1000?,4.086e+06M,1637.9482M,0.999599,95.4606,190.0094,326.2454,0.0773,2013 Jan 21  1301:24,,4510273.0000yr,,A,
219,AS,(229762) 1,G!oe!Hu,G!kun'homdima I,71,,1000?,6035,6035,0.023600,43.7500,,,,,,11.3140,,AS,G!kun'homdima
220,AS,(225088) 1,Xiangliu,Gonggong I,50,,500?,24021,24021,0.290800,83.0800,,,,,,25.2210,,AS,Gonggong
221,A,(16),Psyche,Sol (16),132,,11500?,437.6794M,378.6546M,0.134858,3.0975,150.2630,227.5463,171.4976,2017 Sep  4  0000:00,0.1750,1823.0000,,A,
222,P,807,Larissa,Neptune VII,108,84,4200,73548,73548,0.001393,0.2510,,,,,0.5546,0.5546,JPL 807,M,Neptune
223,P,609,Phoebe,Saturn IX,106.6,,8292,12.952M,10.8375M,0.163260,177.0000,,,,,0.4000,550.4800,JPL 609,M,Saturn
224,P,610,Janus,Saturn X,102,76,1897.5,151460,151453,0.006800,0.1630,,,,,0.6947,0.6947,JPL 610,M,Saturn
225,P,806,Galatea,Neptune VI,102,72,2120,61953,61953,0.000040,0.0520,,,,,0.4287,0.4287,JPL 806,M,Neptune
226,P,805,Despina,Neptune V,90,64,2200,52526,52526,0.000200,0.2200,,,,,0.3347,0.3347,JPL 805,M,Neptune
227,P,715,Puck,Uranus XV,81,,2900,86004,86004,0.000120,0.3192,,,,,0.7618,0.7618,JPL 715,M,Uranus
228,P,712,Portia,Uranus XII,78,63,1700,66097,66097,0.000050,0.0591,,,,,0.5132,0.5132,JPL 712,M,Uranus
229,P,711,Juliet,Uranus XI,75,37,560,64358,64358,0.000660,0.0655,,,,,0.4931,0.4931,JPL 711,M,Uranus
230,P,616,Prometheus,Saturn XVI,67.8,29.7,159.5,139380,139073,0.002200,0.0080,,,,,0.6130,0.6130,JPL 616,M,Saturn
231,A,(21),Lutetia,Sol (21),66,,2570,364.189M,304.2877M,0.164479,3.0637,80.8783,249.9885,188.6620,2017 Sep  4  0000:00,0.3402,1387.9000,,A,
232,P,611,Epimetheus,Saturn XI,65,53,526.6,151410,151262,0.009800,0.3510,,,,,0.6943,0.6943,JPL 611,M,Saturn
233,A,(617),Patroclus-Menoetius,Sol (617),65,61,1360,780.4437M,672.5736M,0.138216,22.0475,44.3540,308.2662,153.7013,2017 Sep  4  0000:00,,11.9161yr,,,
234,A,(617),Patroclus,Sol (617) P,65,61,802,0,672.5736M,0.000000,0.0000,0.0000,0.0000,0.0000,2017 Sep  4  0000:00,,11.9161yr,,,
235,P,714,Belinda,Uranus XIV,64,32,360,75255,75255,0.000070,0.0306,,,,,0.6235,0.6235,JPL 714,M,Uranus
236,AS,(617) 1,Menoetius,Patroclus I,58,54,558,695,695,0.000000,0.0000,,,,,4.2800,4.2800,,,Patroclus
237,P,804,Thalassa,Neptune IV,54,26,350,50075,50075,0.000200,0.2100,,,,,0.3115,0.3115,JPL 804,M,Neptune
238,P,617,Pandora,Saturn XVII,52,32,137.1,141720,141125,0.004200,0.0500,,,,,0.6285,0.6285,JPL 617,M,Saturn
239,P,803,Naiad,Neptune III,48,26,190,48227,48227,0.000400,4.7500,,,,,0.2944,0.2944,JPL 803,M,Neptune
240,P,709,Cressida,Uranus IX,46,37,250,61766,61766,0.000360,0.0060,,,,,0.4636,0.4636,JPL 709,M,Uranus
241,P,710,Desdemona,Uranus X,45,27,180,62658,62658,0.000130,0.1125,,,,,0.4737,0.4737,JPL 710,M,Uranus
242,P,713,Rosalind,Uranus XIII,36,,250,69926,69926,0.000110,0.2787,,,,,0.5585,0.5585,JPL 713,M,Uranus
243,A,(253),Mathilde,Sol (253),33,23,103.3,396.5361M,292.1675M,0.263201,6.7408,179.5798,157.4923,261.7503,2017 Sep  4  0000:00,,1572.0000,,A,
244,A,(3548),Eurybates,Sol (3548),32,,143,0,707.7337M,0.000000,0.0000,0.0000,0.0000,0.0000,2017 Sep  4  0000:00,,11.8285yr,,,
245,P,708,Bianca,Uranus VIII,32,23,92,59165,59165,0.000920,0.1931,,,,,0.4346,0.4346,JPL 708,M,Uranus
246,P,707,Ophelia,Uranus VII,27,19,53,53763,53763,0.009920,0.1036,,,,,0.3764,0.3764,JPL 707,M,Uranus
247,A,(243),Ida,Sol (243),26.8,7.6,42,428.4455M,410.7253M,0.041359,1.1300,323.9470,112.4935,118.6326,2017 Sep  4  0000:00,0.1900,1767.0000,,A,
248,A,(21900),Orus,Sol (21900),25.5,,96?,767.0164M,739.6872M,0.035631,8.4684,258.5609,180.1129,187.1927,2017 Sep  4  0000:00,,11.6099yr,,,
249,P,706,Cordelia,Uranus VI,25,18,44,49752,49752,0.000260,0.0850,,,,,0.3350,0.3350,JPL 706,M,Uranus
250,P,612,Helene,Saturn XII,21.7,13,28?,377396,376566,0.002200,0.1990,,,,,2.7369,2.7369,JPL 612,M,Saturn
251,P,615,Atlas,Saturn XV,20.4,9.4,6.6,137670,137504,0.001200,0.0030,,,,,0.6017,0.6017,JPL 615,M,Saturn
252,A,(11351),Leucus,Sol (11351),20?,,46?,790.7745M,740.6192M,0.063425,11.5568,251.0845,161.0173,241.6804,2017 Sep  4  0000:00,,12.1534yr,,,
253,P,618,Pan,Saturn XVIII,17.2,10.4,4.95,133584,133584,0.000000,0.0001,,,,,0.5750,0.5750,JPL 618,M,Saturn
254,A,(433),Eros,Sol (433),17,6,6.687,218.1047M,169.557M,0.222589,10.8276,304.3222,178.8165,71.2803,2017 Sep  4  0000:00,0.2200,642.6000,,A,
255,P,613,Telesto,Saturn XIII,16.3,10,4?,294619,294619,0.000000,1.1900,,,,,1.8878,1.8878,JPL 613,M,Saturn
256,P,614,Calypso,Saturn XIV,15.1,7,2.6?,294619,294619,0.000000,1.5600,,,,,1.8878,1.8878,JPL 614,M,Saturn
257,P,401,Phobos,Mars I,13.4,9.2,13,9400,9259,0.015000,1.1000,,,,,0.3190,0.3189,JPL 401,M,Mars
258,A,(486958),Arrokoth,Sol (486958),13?,,11?,6643.9034M,6390.4092M,0.038154,2.4530,158.9398,176.9006,311.9633,2017 Sep  4  0000:00,,295.9750yr,,A,
259,A,(15094),Polymele,Sol (15094)     1,0.5,10.5,6.7?,772.703M,699.785M,0.094367,12.9906,50.3235,4.7701,236.5209,2017 Sep  4  0000:00,,11.7392yr,,,
260,A,(951),Gaspra,Sol (951),9.1,4.4,5?,330.5956M,273.2698M,0.173402,4.1063,253.0566,129.9423,232.8256,2017 Sep  4  0000:00,,1199.0000,,A,
261,C,1P/,Halley,Sol 1P/,8,4,0.22,2667.9501M,87.6611M,0.967143,58.4201,162.2627,111.3325,0.0000,1986 Feb  5  2129:15,2.2500,75.2909yr,,CP,
262,P,402,Deimos,Mars II,7.5,5.2,1.8,23500,23488,0.000500,1.8000,,,,,1.2630,1.2624,JPL 402,M,Mars
263,C,9P/,Tempel 1,Sol 9P/,7.2,2.2,0.07,470.6041M,230.7626M,0.509646,68.7501,10.4738,179.2020,0.0000,2016 Aug  2  1349:36,,2106.0000,,CP,
264,C,81P/,Wild 2,Sol 81P/,5?,,0.1?,516.3941M,239.0533M,0.537072,136.0977,3.2372,41.7567,0.0000,2010 Feb 22  1331:54,,2331.0000,,CP,
265,C,21P/,Giacobini-Zinner,Sol 21P/,3?,,0.1?,525.9187M,154.19M,0.706818,195.3970,31.9081,172.5844,0.0000,2012 Feb 11  1501:21,,2413.0000,,CP,
266,C,19P/,Borrelly,Sol 19P/,4,2.2,0.02,539.9983M,203.4231M,0.623289,75.4360,30.3131,353.3507,0.0000,2001 Sep 14  0605:13,,3020.0000,,CP,
267,A,(2867),Steins,Sol (2867),3.4,2.3,2.3?,353.5957M,302.0505M,0.145774,9.9353,55.3654,251.1076,127.9525,2017 Sep  4  0000:00,,1327.3050,,A,
268,A,(5535),Annefrank,Sol (5535),3.3,1.7,0.3?,330.9718M,309.9871M,0.063403,4.2473,120.6434,9.1353,23.0210,2017 Sep  4  0000:00,,1202.0000,,A,
269,A,(4179),Toutatis,Sol (4179),2.4,1,0.05,379.4107M,140.6153M,0.629385,0.4474,124.4051,278.7111,68.3771,2017 Sep  4  0000:00,5.4100,1469.3000,,A,
270,C,67P/,Churyumov-Gerasimenko,Sol 67P/,2,,0.01,518.3173M,186.2924M,0.640582,50.1801,7.0437,12.6945,0.0000,2009 Feb 28  1239:38,0.5100,2355.8625,,CP,
271,A,(52246),Donaldjohanson,Sol (52246),2,,0.046?,356.6103M,290.4115M,0.185634,4.4194,262.8504,213.0231,10.6054,2017 Sep  4  0000:00,,1344.3154,,,
272,C,26P/,Grigg-Skjellerup,Sol 26P/,1.5,,0.01?,451.3218M,162.3508M,0.640277,211.5376,22.4289,2.1467,0.0000,2013 Jul  6  0125:07,,1863.0000,,CP,
273,A,(9969),Braille,Sol (9969),0.8,,0.0078,350.2123M,198.4155M,0.433442,28.9987,241.9547,356.1138,16.8804,2017 Sep  4  0000:00,9.4200,1308.0000,,A,
274,A,(65803),Didymos,Sol (65803),0.39?,,0.00055,0,151.5818M,0.000000,0.0000,0.0000,0.0000,0.0000,2017 Sep  4  0000:00,,770.3626,,,
275,AS,(3548) I,Queta,Sol (3548) I,0.5,,0.00073?,2310,2310,0.000000,0.0000,,,,,82.6000,82.6000,,,Eurybates
276,A,(162173),Ryugu,Sol (162173),0.5,0.44,0.00045,177.9557M,144.0936M,0.190284,5.8839,251.5910,211.4468,154.0218,2017 Sep  4  0000:00,0.3180,473.8908,,A,
277,C,45P/,Honda-Mrkos-Pajdusakova,Sol 45P/,0.35,,0.0002?,452.5599M,79.6628M,0.823973,88.9817,4.2482,326.2820,0.0000,2016 Dec 31  0622:40,,1920.0000,,CP,
278,A,(98943),2001 CC21,Sol (98943),0.35,,0.0004?,154.4675M,120.5844M,0.219354,4.8085,75.5793,179.3292,201.5887,2017 Sep  4  0000:00,,383.2356,,,
279,A,(101955),Bennu,1999 RQ36,0.255,,0.000078,168.4455M,134.1256M,0.203745,6.0349,2.0296,66.2902,312.6367,2017 Sep  4  0000:00,,436.6040,,A,
280,A,(25143),Itokawa,Sol (25143),0.2,,0.0000358,198.0846M,142.5875M,0.280168,1.6215,69.0800,162.8112,260.7917,2017 Sep  4  0000:00,0.5040,555.6000,,A,
281,C,C/-146 P1,C/-146 P1,C/-146 P1,0.1?,,0?,0,64.3271M,1.000000,330.0000,71.0000,261.0000,0.0000,0 Jun 28  0000:00,,,,C,Sol
282,AS,(65803) I,Dimorphos,Sol (65803) I,0.08,,0.000005,1.2,1.2,0.000000,0.0000,,,,,,,,,Didymos
283,AP,1998 KY26,1998 KY26,1998 KY26,0.015,,0,184.4363M,147.2219M,0.201773,1.4810,84.3664,209.3722,359.5532,2017 Sep  4  0000:00,0.0074,500.0114,,,
284,DL,EML1,Earth-Moon L1,Moon L1,0,,0,66000,,0.000000,0.0000,,,,,,27.3217,LP 1,DL,Luna
285,DL,EML2,Earth-Moon L2,Moon L2,0,,0,66000,,0.000000,0.0000,,,,,,27.3217,LP 2,DL,Luna
